[
  {
    "baseType": 3,
    "name": "assignee",
    "defaultValue": "",
    "description": ".issue.fields.assignee.name",
    "helpText": "",
    "isSystem": false,
    "minLength": 0,
    "maxLength": 30,
    "validationRegex": "",
    "isValidate": false
  },
  {
    "baseType": 3,
    "name": "assignee_name",
    "defaultValue": "",
    "description": ".issue.fields.assignee.displayName",
    "helpText": "",
    "isSystem": false,
    "minLength": 0,
    "maxLength": 300,
    "validationRegex": "",
    "isValidate": false
  },
  {
    "baseType": 3,
    "name": "creator",
    "defaultValue": "",
    "description": ".issue.fields.creator.name",
    "helpText": "",
    "isSystem": false,
    "minLength": 0,
    "maxLength": 2000,
    "validationRegex": "",
    "isValidate": false
  },
  {
    "baseType": 3,
    "name": "creator_name",
    "defaultValue": "",
    "description": ".issue.fields.creator.displayName",
    "helpText": "",
    "isSystem": false,
    "minLength": 0,
    "maxLength": 300,
    "validationRegex": "",
    "isValidate": false
  },
  {
    "baseType": 3,
    "name": "description",
    "defaultValue": "",
    "description": ".issue.fields.description",
    "helpText": "",
    "isSystem": false,
    "minLength": 0,
    "maxLength": 2000,
    "validationRegex": "",
    "isValidate": false
  },
  {
    "baseType": 3,
    "name": "engage_message",
    "defaultValue": "",
    "description": "",
    "helpText": "",
    "isSystem": false,
    "minLength": 0,
    "maxLength": 2000,
    "validationRegex": "",
    "isValidate": false
  },
  {
    "baseType": 3,
    "name": "engage_subject",
    "defaultValue": "",
    "description": "",
    "helpText": "",
    "isSystem": false,
    "minLength": 0,
    "maxLength": 120,
    "validationRegex": "",
    "isValidate": false
  },
  {
    "baseType": 3,
    "name": "event",
    "defaultValue": "",
    "description": ".webhookEvent",
    "helpText": "",
    "isSystem": false,
    "minLength": 0,
    "maxLength": 2000,
    "validationRegex": "",
    "isValidate": false
  },
  {
    "baseType": 3,
    "name": "hipchat_link",
    "defaultValue": "",
    "description": "",
    "helpText": "",
    "isSystem": false,
    "minLength": 0,
    "maxLength": 300,
    "validationRegex": "",
    "isValidate": false
  },
  {
    "baseType": 3,
    "name": "hipchat_link_disp",
    "defaultValue": "none",
    "description": "",
    "helpText": "",
    "isSystem": false,
    "minLength": 0,
    "maxLength": 30,
    "validationRegex": "",
    "isValidate": false
  },
  {
    "baseType": 1,
    "name": "issue_id",
    "description": ".issue.id",
    "helpText": "",
    "isSystem": false,
    "minValue": "",
    "maxValue": "",
    "units": ""
  },
  {
    "baseType": 3,
    "name": "issue_key",
    "defaultValue": "",
    "description": ".issue.key",
    "helpText": "",
    "isSystem": false,
    "minLength": 0,
    "maxLength": 2000,
    "validationRegex": "",
    "isValidate": false
  },
  {
    "baseType": 22,
    "name": "issue_type",
    "description": ".issue.issuetype.name",
    "helpText": "",
    "isSystem": false,
    "values": [
      {
        "value": "Incident",
        "isDefault": false,
        "isVisible": true
      },
      {
        "value": "Task",
        "isDefault": false,
        "isVisible": true
      },
      {
        "value": "IT Help",
        "isDefault": false,
        "isVisible": true
      },
      {
        "value": "Purchase",
        "isDefault": false,
        "isVisible": true
      },
      {
        "value": "Fault",
        "isDefault": false,
        "isVisible": true
      },
      {
        "value": "Access",
        "isDefault": false,
        "isVisible": true
      },
      {
        "value": "Service Type",
        "isDefault": false,
        "isVisible": true
      },
      {
        "value": "Change",
        "isDefault": false,
        "isVisible": true
      },
      {
        "value": "Problem",
        "isDefault": false,
        "isVisible": true
      },
      {
        "value": "Service Request with Approvals",
        "isDefault": false,
        "isVisible": true
      },
      {
        "value": "Sub-task",
        "isDefault": false,
        "isVisible": true
      }
    ]
  },
  {
    "baseType": 3,
    "name": "issue_url",
    "defaultValue": "",
    "description": ".issue.self",
    "helpText": "",
    "isSystem": false,
    "minLength": 0,
    "maxLength": 2000,
    "validationRegex": "",
    "isValidate": false
  },
  {
    "baseType": 22,
    "name": "priority",
    "description": ".issue.fields.priority.name",
    "helpText": "",
    "isSystem": false,
    "values": [
      {
        "value": "Highest",
        "isDefault": false,
        "isVisible": true
      },
      {
        "value": "High",
        "isDefault": false,
        "isVisible": true
      },
      {
        "value": "Medium",
        "isDefault": false,
        "isVisible": true
      },
      {
        "value": "Low",
        "isDefault": false,
        "isVisible": true
      },
      {
        "value": "Lowest",
        "isDefault": false,
        "isVisible": true
      }
    ]
  },
  {
    "baseType": 3,
    "name": "project_key",
    "defaultValue": "",
    "description": ".issue.fields.project.key",
    "helpText": "",
    "isSystem": false,
    "minLength": 0,
    "maxLength": 300,
    "validationRegex": "",
    "isValidate": false
  },
  {
    "baseType": 3,
    "name": "project_name",
    "defaultValue": "",
    "description": ".issue.fields.project.name",
    "helpText": "",
    "isSystem": false,
    "minLength": 0,
    "maxLength": 2000,
    "validationRegex": "",
    "isValidate": false
  },
  {
    "baseType": 3,
    "name": "reporter",
    "defaultValue": "",
    "description": ".issue.fields.reporter.name",
    "helpText": "",
    "isSystem": false,
    "minLength": 0,
    "maxLength": 2000,
    "validationRegex": "",
    "isValidate": false
  },
  {
    "baseType": 3,
    "name": "reporter_name",
    "defaultValue": "",
    "description": ".issue.fields.reporter.displayName",
    "helpText": "",
    "isSystem": false,
    "minLength": 0,
    "maxLength": 300,
    "validationRegex": "",
    "isValidate": false
  },
  {
    "baseType": 3,
    "name": "resolution",
    "defaultValue": "",
    "description": ".issue.fields.resolution",
    "helpText": "",
    "isSystem": false,
    "minLength": 0,
    "maxLength": 2000,
    "validationRegex": "",
    "isValidate": false
  },
  {
    "baseType": 22,
    "name": "status",
    "description": "",
    "helpText": "",
    "isSystem": false,
    "values": [
      {
        "value": "To Do",
        "isDefault": false,
        "isVisible": true
      },
      {
        "value": "In Progress",
        "isDefault": false,
        "isVisible": true
      },
      {
        "value": "Open",
        "isDefault": false,
        "isVisible": true
      },
      {
        "value": "Waiting for support",
        "isDefault": false,
        "isVisible": true
      }
    ]
  },
  {
    "baseType": 3,
    "name": "summary",
    "defaultValue": "",
    "description": ".issue.fields.summary",
    "helpText": "",
    "isSystem": false,
    "minLength": 0,
    "maxLength": 2000,
    "validationRegex": "",
    "isValidate": false
  },
  {
    "baseType": 1,
    "name": "timestamp",
    "description": ".timestamp",
    "helpText": "",
    "isSystem": false,
    "minValue": "",
    "maxValue": "",
    "units": ""
  },
  {
    "baseType": 3,
    "name": "user",
    "defaultValue": "",
    "description": ".user.name",
    "helpText": "",
    "isSystem": false,
    "minLength": 0,
    "maxLength": 300,
    "validationRegex": "",
    "isValidate": false
  },
  {
    "baseType": 3,
    "name": "user_name",
    "defaultValue": "",
    "description": ".user.displayName",
    "helpText": "",
    "isSystem": false,
    "minLength": 0,
    "maxLength": 300,
    "validationRegex": "",
    "isValidate": false
  }
]