{
  "integrations": [
    {
      "id": "ba335087-37f0-40c3-aed4-526350442ad1",
      "name": "Engage - Response",
      "action": "RUN_SCRIPT",
      "type": "OUTBOUND_WEBHOOK",
      "triggeredBy": "RESPONSE",
      "deployed": true,
      "form": "44379c1c-853f-4784-8292-f86d4783932b",
      "script": "var callback = JSON.parse(request.body);\nconsole.log('Executing outbound integration for xMatters event ID: ' + callback.eventIdentifier);\n\n// Convert list of event properties to an eventProperties object\nif (callback.eventProperties && Array.isArray(callback.eventProperties)) {\n    var eventProperties = callback.eventProperties;\n    callback.eventProperties = {};\n\n    for (var i = 0; i < eventProperties.length; i++) {\n        var eventProperty = eventProperties[i];\n        var key = Object.keys(eventProperty)[0];\n        callback.eventProperties[key] = eventProperty[key];\n    }\n}\n\n// Handle responses without annotations\nif (callback.annotation == \"null\") {\n    callback.annotation = null;\n}\n\n\n\nvar issue = callback.eventProperties.issue_key;\n\nvar username = getJIRAUserName( callback.recipient ) || callback.recipient;\n\nvar msg = 'xMatters (' + callback.eventIdentifier + ')[Engage]: ' + \n       \"[~\" + username + \"] responded with *\" + callback.response \n        + \"* on device \" + callback.device;\n        \nvar activities = getActivities( issue );\n\naddActivity( issue, (new Date()).getTime(), msg, activities );\n\n\nfunction getJIRAUserName( recipientName ) {\n\n    console.log( \"XM REST API: Attempting query by targetName: \" + recipientName );\n    url = \"/api/xm/1/people/\" + encodeURIComponent( recipientName );\n\n    request = http.request({\n        \"endpoint\": \"xMatters\",\n        \"method\": \"GET\",\n        \"path\": url\n    });\n\n    response = request.write();\n    console.log( \"XM REST API: getPerson (based on targetName) received \" + response.statusCode + \" \" + response.body );    \n  \n    var data = JSON.parse( response.body );\n    if( response.statusCode == 404 )\n        return null;\n    \n    if( data.properties && data.properties[ constants['JIRA Username Field Name'] ] )\n      return data.properties[ constants['JIRA Username Field Name'] ];\n    \n    return data.targetName;\n}\n\n\n\nfunction getActivities( issue ) {\n    \n    var request = http.request({\n        'endpoint': 'JIRA',\n        'method': 'GET',\n        'path': '/rest/api/2/issue/' + encodeURIComponent( issue ) + '/properties/xmatters-activities'\n    });\n    \n    var response = request.write();\n    \n    if( response.statusCode != 200 ) {\n        return [];\n    }\n    \n    var activities = JSON.parse( response.body ).value.data;\n    return activities;\n    \n}\n\n\nfunction addActivity( issue, date, message, activities ) {\n    \n    var newActivity = {\n        \"date\": date,\n        \"note\": message\n    };\n    \n    activities.push( newActivity );\n    \n    var request = http.request({\n        'endpoint': 'JIRA',\n        'method': 'PUT',\n        'path': '/rest/api/2/issue/' + encodeURIComponent( issue ) + '/properties/xmatters-activities',\n        'headers': {\n            'Content-type': 'application/json'\n        }\n    });\n    \n    var payload = {\n        'data': activities\n    };\n    \n    request.write( payload );\n    \n}\n\n\n\n",
      "environment": "HOSTED"
    },
    {
      "id": "8732b522-737c-4b8a-9bc3-9921f0b911d9",
      "name": "Engage - Response - Conference",
      "action": "RUN_SCRIPT",
      "type": "OUTBOUND_WEBHOOK",
      "triggeredBy": "RESPONSE",
      "deployed": true,
      "form": "cda01e5a-7135-4e7e-84c0-c9d3925a8461",
      "script": "var callback = JSON.parse(request.body);\nconsole.log('Executing outbound integration for xMatters event ID: ' + callback.eventIdentifier);\n\n// Convert list of event properties to an eventProperties object\nif (callback.eventProperties && Array.isArray(callback.eventProperties)) {\n    var eventProperties = callback.eventProperties;\n    callback.eventProperties = {};\n\n    for (var i = 0; i < eventProperties.length; i++) {\n        var eventProperty = eventProperties[i];\n        var key = Object.keys(eventProperty)[0];\n        callback.eventProperties[key] = eventProperty[key];\n    }\n}\n\n// Handle responses without annotations\nif (callback.annotation == \"null\") {\n    callback.annotation = null;\n}\n\n\n\nvar issue = callback.eventProperties.issue_key;\n\nvar username = getJIRAUserName( callback.recipient ) || callback.recipient;\n\nvar msg = 'xMatters (' + callback.eventIdentifier + ')[Engage]: ' + \n       \"[~\" + username + \"] responded with *\" + callback.response \n        + \"* on device \" + callback.device;\n        \nvar activities = getActivities( issue );\n\naddActivity( issue, (new Date()).getTime(), msg, activities );\n\n\nfunction getJIRAUserName( recipientName ) {\n\n    console.log( \"XM REST API: Attempting query by targetName: \" + recipientName );\n    url = \"/api/xm/1/people/\" + encodeURIComponent( recipientName );\n\n    request = http.request({\n        \"endpoint\": \"xMatters\",\n        \"method\": \"GET\",\n        \"path\": url\n    });\n\n    response = request.write();\n    console.log( \"XM REST API: getPerson (based on targetName) received \" + response.statusCode + \" \" + response.body );    \n  \n    var data = JSON.parse( response.body );\n    if( response.statusCode == 404 )\n        return null;\n    \n    if( data.properties && data.properties[ constants['JIRA Username Field Name'] ] )\n      return data.properties[ constants['JIRA Username Field Name'] ];\n    \n    return data.targetName;\n}\n\n\n\nfunction getActivities( issue ) {\n    \n    var request = http.request({\n        'endpoint': 'JIRA',\n        'method': 'GET',\n        'path': '/rest/api/2/issue/' + encodeURIComponent( issue ) + '/properties/xmatters-activities'\n    });\n    \n    var response = request.write();\n    \n    if( response.statusCode != 200 ) {\n        return [];\n    }\n    \n    var activities = JSON.parse( response.body ).value.data;\n    return activities;\n    \n}\n\n\nfunction addActivity( issue, date, message, activities ) {\n    \n    var newActivity = {\n        \"date\": date,\n        \"note\": message\n    };\n    \n    activities.push( newActivity );\n    \n    var request = http.request({\n        'endpoint': 'JIRA',\n        'method': 'PUT',\n        'path': '/rest/api/2/issue/' + encodeURIComponent( issue ) + '/properties/xmatters-activities',\n        'headers': {\n            'Content-type': 'application/json'\n        }\n    });\n    \n    var payload = {\n        'data': activities\n    };\n    \n    request.write( payload );\n    \n}\n\n\n\n",
      "environment": "HOSTED"
    },
    {
      "id": "c7279241-c022-479a-af53-805d0802c196",
      "name": "Engage - Status",
      "action": "RUN_SCRIPT",
      "type": "OUTBOUND_WEBHOOK",
      "triggeredBy": "STATUS",
      "deployed": true,
      "form": "44379c1c-853f-4784-8292-f86d4783932b",
      "script": "var callback = JSON.parse(request.body);\nconsole.log('Executing outbound integration for xMatters event ID: ' + callback.eventIdentifier);\n\n// Convert list of event properties to an eventProperties object\nif (callback.eventProperties && Array.isArray(callback.eventProperties)) {\n    var eventProperties = callback.eventProperties;\n    callback.eventProperties = {};\n\n    for (var i = 0; i < eventProperties.length; i++) {\n        var eventProperty = eventProperties[i];\n        var key = Object.keys(eventProperty)[0];\n        callback.eventProperties[key] = eventProperty[key];\n    }\n}\n\n// Handle responses without annotations\nif (callback.annotation == \"null\") {\n    callback.annotation = null;\n}\n\n// Craft the message \nif( callback.status.indexOf( 'terminated' ) > -1 ) {\n    console.log( 'Ignoring termination status' );\n    return;\n}\n\nvar issue = callback.eventProperties.issue_key;\n\nvar msg = 'xMatters (' + callback.eventIdentifier + ')[Engage]: Status set to ' + callback.status;\n\nvar activities = getActivities( issue );\n\naddActivity( issue, (new Date()).getTime(), msg, activities );\n\n\n\nfunction getActivities( issue ) {\n    \n    var request = http.request({\n        'endpoint': 'JIRA',\n        'method': 'GET',\n        'path': '/rest/api/2/issue/' + encodeURIComponent( issue ) + '/properties/xmatters-activities'\n    });\n    \n    var response = request.write();\n    \n    if( response.statusCode != 200 ) {\n        return [];\n    }\n    \n    var activities = JSON.parse( response.body ).value.data;\n    return activities;\n    \n}\n\n\nfunction addActivity( issue, date, message, activities ) {\n    \n    var newActivity = {\n        \"date\": date,\n        \"note\": message\n    };\n    \n    activities.push( newActivity );\n    \n    var request = http.request({\n        'endpoint': 'JIRA',\n        'method': 'PUT',\n        'path': '/rest/api/2/issue/' + encodeURIComponent( issue ) + '/properties/xmatters-activities',\n        'headers': {\n            'Content-type': 'application/json'\n        }\n    });\n    \n    var payload = {\n        'data': activities\n    };\n    \n    request.write( payload );\n    \n}\n\n\n\n",
      "environment": "HOSTED"
    },
    {
      "id": "58b4510a-61ba-4ff3-a8b6-66c52a19ecd1",
      "name": "Engage - Status - Conference",
      "action": "RUN_SCRIPT",
      "type": "OUTBOUND_WEBHOOK",
      "triggeredBy": "STATUS",
      "deployed": true,
      "form": "cda01e5a-7135-4e7e-84c0-c9d3925a8461",
      "script": "var callback = JSON.parse(request.body);\nconsole.log('Executing outbound integration for xMatters event ID: ' + callback.eventIdentifier);\n\n// Convert list of event properties to an eventProperties object\nif (callback.eventProperties && Array.isArray(callback.eventProperties)) {\n    var eventProperties = callback.eventProperties;\n    callback.eventProperties = {};\n\n    for (var i = 0; i < eventProperties.length; i++) {\n        var eventProperty = eventProperties[i];\n        var key = Object.keys(eventProperty)[0];\n        callback.eventProperties[key] = eventProperty[key];\n    }\n}\n\n// Handle responses without annotations\nif (callback.annotation == \"null\") {\n    callback.annotation = null;\n}\n\n// Craft the message \nif( callback.status.indexOf( 'terminated' ) > -1 ) {\n    console.log( 'Ignoring termination status' );\n    return;\n}\n\nvar issue = callback.eventProperties.issue_key;\n\nvar msg = 'xMatters (' + callback.eventIdentifier + ')[Engage]: Status set to ' + callback.status;\n\nvar activities = getActivities( issue );\n\naddActivity( issue, (new Date()).getTime(), msg, activities );\n\n\n\nfunction getActivities( issue ) {\n    \n    var request = http.request({\n        'endpoint': 'JIRA',\n        'method': 'GET',\n        'path': '/rest/api/2/issue/' + encodeURIComponent( issue ) + '/properties/xmatters-activities'\n    });\n    \n    var response = request.write();\n    \n    if( response.statusCode != 200 ) {\n        return [];\n    }\n    \n    var activities = JSON.parse( response.body ).value.data;\n    return activities;\n    \n}\n\n\nfunction addActivity( issue, date, message, activities ) {\n    \n    var newActivity = {\n        \"date\": date,\n        \"note\": message\n    };\n    \n    activities.push( newActivity );\n    \n    var request = http.request({\n        'endpoint': 'JIRA',\n        'method': 'PUT',\n        'path': '/rest/api/2/issue/' + encodeURIComponent( issue ) + '/properties/xmatters-activities',\n        'headers': {\n            'Content-type': 'application/json'\n        }\n    });\n    \n    var payload = {\n        'data': activities\n    };\n    \n    request.write( payload );\n    \n}\n\n\n\n",
      "environment": "HOSTED"
    },
    {
      "id": "8de6314d-f0f8-4788-b69d-55be8b04953d",
      "name": "Engage with xMatters",
      "action": "CREATE_EVENT",
      "type": "INBOUND_WEBHOOK",
      "deployed": true,
      "form": "44379c1c-853f-4784-8292-f86d4783932b",
      "script": "\nvar TOKEN = constants[ 'HipChat Token' ];\n\nvar data = JSON.parse(request.body);\nconsole.log( 'DATA: ' + JSON.stringify( data ) );\n\n\nproperties = {};\nproperties.engage_subject = data.subject;\nproperties.engage_message = data.message;\nproperties.issue_key      = data.issue_key;\n\ntrigger.properties = properties;\n\nvar temp = data.recipients;\n\nvar recipients = [];\n\n// Define recipients\nfor( var r in temp ) {\n    recipients.push({ \"targetName\": temp[r] });\n}\n\ntrigger.recipients = recipients;\n\nconsole.log( \"Event payload: \" + JSON.stringify( trigger ) );\n// Post trigger to form\n\n\nif( data.engage_hipchat.toLowerCase() == \"room\" ) {\n    \n    console.log( \"Creating HipChat room '\" + data.issue_key );\n    \n    var fields = getJIRAIssue( data.issue_key ).fields;\n    \n    var summary = fields.summary || data.subject;\n    \n\tvar payload = {\n\t\t\"name\": data.issue_key,\n\t\t\"topic\": 'xMatters Engage: ' + summary\n\t};\n\n\tvar room = createHipChatRoom( payload );\n\n\tif( room ) {\n    \tconsole.log( \"ROOM created: \" + room.name );\n    \tconsole.log( \"LINK: \" + room.links.self );\n    \ttrigger.properties.hipchat_link = constants[ 'HipChat URL' ] + '/chat/room/' + room.name;\n    \ttrigger.properties.hipchat_link_disp = \"visible\";\n    \t\n    \t\n        var url = constants['JIRA URL'] + '/browse/' + encodeURIComponent( data.issue_key );\n        \n        var payload = {\n            \"message\": \"JIRA Ticket: \" + url,\n            \"message_format\": \"html\",\n            \"notify\": false,\n            \"color\": \"green\",\n            \"card\": {\n              \"id\": room.name + Date.now(),\n              \"style\": \"link\",\n              \"url\": url,\n              \"title\": \"JIRA Issue Link\",\n              \"description\": {\n                \"value\": '<a href=\"' + url +'\">' + data.issue_key + ': ' + summary + '</a>',\n                \"format\": \"html\"\n              },\n              \"icon\": {\n                \"url\": \"http://product.twoodo.com/wp-content/uploads/2015/04/jira-icon.png\"\n               }\n            } \n        };\n  \n        updateHipChat( room.name, payload );\n\n\t}\n\n}\n\n\n\nform.post( trigger );\n\n\n\n\n////////////////////  HELPERS ////////////////////\nfunction getJIRAIssue( key ) {\n    var req = http.request({\n       'endpoint': 'JIRA',\n       'path': '/rest/api/latest/issue/' + key,\n       'method': 'GET'\n    });\n    \n    var resp = req.write();\n    if( resp.statusCode == 200 )\n        return JSON.parse( resp.body );\n        \n    return {};\n}\n\nfunction createHipChatRoom( payload ) {\n  \n  var req = http.request({\n      'endpoint': 'HipChat',\n      'path': '/v2/room',\n      'method': 'POST',\n      'headers': {\n          'Content-type': 'application/json',\n          'Authorization': 'Bearer ' + TOKEN\n      }\n  });\n  \n  var respRAW = req.write( payload );\n\n  resp = JSON.parse( respRAW.body );\n  \n  if( resp.entity ) \n    return resp.entity;\n  \n  if( resp.error.code == 400 ) {\n      console.log( '======')\n      console.log( 'Room already exists, so we\\'ll just retrieve it.' );\n      console.log( '======')\n      req = http.request({ \n          'endpoint': 'HipChat',\n          'path': '/v2/room/' + encodeURIComponent( payload.name ),\n          'method': 'GET',\n          'headers': {\n            'Content-type': 'application/json',\n            'Authorization': 'Bearer ' + TOKEN\n          }\n      });\n      \n      respRAW = req.write();\n      \n      return JSON.parse( respRAW.body );\n  }\n  \n  return null;\n\n}\n\n\n\nfunction updateHipChat( roomid, payload ){\n\n  console.log(\"Update HipChat Room - \" + roomid );\n  var TOKEN = constants[\"HipChat Token\"];\n  \n  var req = http.request({\n    'endpoint': 'HipChat',\n    'path': '/v2/room/' + roomid + '/notification',\n    'method': 'POST',\n    'headers': {\n        'Content-type': 'application/json',\n        'Authorization': 'Bearer ' + TOKEN\n    }\n  });\n  \n  var respRAW = req.write( payload );\n\n  resp = JSON.parse( respRAW.body );\n  console.log( JSON.parse( resp ) );\n  \n}\n\n\n\n",
      "environment": "HOSTED"
    },
    {
      "id": "5b7ab975-3cc8-4944-b822-67164593d3cc",
      "name": "Engage with xMatters - Conference",
      "action": "CREATE_EVENT",
      "type": "INBOUND_WEBHOOK",
      "deployed": true,
      "form": "cda01e5a-7135-4e7e-84c0-c9d3925a8461",
      "script": "\nvar TOKEN = constants[ 'HipChat Token' ];\n\nvar data = JSON.parse(request.body);\n\nproperties = {};\nproperties.engage_subject = data.subject;\nproperties.engage_message = data.message;\nproperties.issue_key      = data.issue_key;\n\nproperties.conferences = [ {\"name\": null} ];\n\ntrigger.properties = properties;\n\nvar temp = data.recipients;\n\nvar recipients = [];\n\n// Define recipients\nfor( var r in temp ) {\n    recipients.push({ \"targetName\": temp[r] });\n}\n\ntrigger.recipients = recipients;\n\nconsole.log( \"Event payload: \" + JSON.stringify( trigger ) );\n\nif( data.engage_hipchat.toLowerCase() == \"room\" ) {\n    \n    console.log( \"Creating HipChat room '\" + data.issue_key );\n    var fields = getJIRAIssue( data.issue_key ).fields;\n    var summary = fields.summary || data.subject;\n    \n\tvar payload = {\n\t\t\"name\": data.issue_key,\n\t\t\"topic\": 'xMatters Engage: ' + summary\n\t};\n\n\tvar room = createHipChatRoom( payload );\n\n\tif( room ) {\n    \tconsole.log( \"ROOM created: \" + room.name );\n    \tconsole.log( \"LINK: \" + room.links.self );\n    \ttrigger.properties.hipchat_link = constants[ 'HipChat URL' ] + '/chat/room/' + room.name;\n    \ttrigger.properties.hipchat_link_disp = \"visible\";\n        var url = constants['JIRA URL'] + '/browse/' + encodeURIComponent( data.issue_key );\n        \n        var payload = {\n            \"message\": \"JIRA Ticket: \" + url,\n            \"message_format\": \"html\",\n            \"notify\": false,\n            \"color\": \"green\",\n            \"card\": {\n              \"id\": room.name + Date.now(),\n              \"style\": \"link\",\n              \"url\": url,\n              \"title\": \"JIRA Issue Link\",\n              \"description\": {\n                \"value\": '<a href=\"' + url +'\">' + data.issue_key + ': ' + summary + '</a>',\n                \"format\": \"html\"\n              },\n              \"icon\": {\n                \"url\": \"http://product.twoodo.com/wp-content/uploads/2015/04/jira-icon.png\"\n               }\n            } \n        };\n  \n        updateHipChat( room.name, payload );\n        \n\t}\n    \n}\nelse if( data.engage_hipchat.toLowerCase() == \"invite\" ){\n    console.log( \"HipChat room created already '\" + data.issue_key );\n\ttrigger.properties.hipchat_link = data.hipchat_link;\n    trigger.properties.hipchat_link_disp = \"visible\";\n}\n\n\n\nform.post( trigger );\n\n\n\n\n////////////////////  HELPERS ////////////////////\nfunction getJIRAIssue( key ) {\n    var req = http.request({\n       'endpoint': 'JIRA',\n       'path': '/rest/api/latest/issue/' + key,\n       'method': 'GET'\n    });\n    \n    var resp = req.write();\n    if( resp.statusCode == 200 )\n        return JSON.parse( resp.body );\n        \n    return {};\n}\n\nfunction createHipChatRoom( payload ) {\n  \n  var req = http.request({\n      'endpoint': 'HipChat',\n      'path': '/v2/room',\n      'method': 'POST',\n      'headers': {\n          'Content-type': 'application/json',\n          'Authorization': 'Bearer ' + TOKEN\n      }\n  });\n  \n  var respRAW = req.write( payload );\n\n  resp = JSON.parse( respRAW.body );\n  \n  if( resp.entity ) \n    return resp.entity;\n  \n  if( resp.error.code == 400 ) {\n      req = http.request({ \n          'endpoint': 'HipChat',\n          'path': '/v2/room/' + encodeURIComponent( payload.name ),\n          'method': 'GET',\n          'headers': {\n            'Content-type': 'application/json',\n            'Authorization': 'Bearer ' + TOKEN\n          }\n      });\n      \n      respRAW = req.write();\n      \n      return JSON.parse( respRAW.body );\n  }\n  \n  return null;\n\n}\n\n\n\n\n\nfunction updateHipChat( roomid, payload ){\n\n  console.log(\"Update HipChat Room - \" + roomid );\n  var TOKEN = constants[\"HipChat Token\"];\n  \n  var req = http.request({\n    'endpoint': 'HipChat',\n    'path': '/v2/room/' + roomid + '/notification',\n    'method': 'POST',\n    'headers': {\n        'Content-type': 'application/json',\n        'Authorization': 'Bearer ' + TOKEN\n    }\n  });\n  \n  var respRAW = req.write( payload );\n\n  resp = JSON.parse( respRAW.body );\n  console.log( JSON.parse( resp ) );\n  \n}\n\n",
      "environment": "HOSTED"
    },
    {
      "id": "ae94d1ba-eeee-4dee-ba59-c9a3807a9f93",
      "name": "Notify Assignee",
      "action": "CREATE_EVENT",
      "type": "INBOUND_WEBHOOK",
      "deployed": true,
      "form": "1116f78b-792c-4e4f-8c0c-3612fb936b07",
      "script": "var DELETE_EXISTING_EVENTS = true;\n// JIRA credentials used by the integration\nvar IGNORE_UPDATES_BY = 'xmatters';\n\n\n\n// Implementation\nvar data = JSON.parse( request.body );\nvar parameters = request.parameters;\n\n// sanity checks\nif ( typeof data.issue === 'undefined') {\n    console.log('This is not a JIRA issue. Ignored...');\n    return;\n} else if ( data.user.name == IGNORE_UPDATES_BY ) {\n    console.log('This update was initiated by xMatters integration. Ignored...');\n    return;\n}\n\n// Build event\nvar trigger    = {};\nvar properties = {};\n\nproperties.user          = data.user.name;\nproperties.user_name     = data.user.displayName;\nproperties.issue_id      = data.issue.id;\nproperties.issue_url     = xtrim( data.issue['self'].split( '/rest/api' )[0] + '/browse/' + data.issue.key );\nproperties.issue_key     = data.issue.key;\nproperties.issue_type    = data.issue.fields.issuetype.name;\nproperties.project_key   = data.issue.fields.project.key;\nproperties.project_name  = data.issue.fields.project.name;\nproperties.resolution    = xtrim( data.issue.fields.resolution );\nproperties.reporter      = data.issue.fields.reporter.name;\nproperties.reporter_name = data.issue.fields.reporter.displayName;\nproperties.priority      = data.issue.fields.priority.name;\nproperties.status        = data.issue.fields.status.name;\nproperties.description   = xtrim( data.issue.fields.description );\nproperties.summary       = xtrim( data.issue.fields.summary );\nproperties.creator       = data.issue.fields.creator.name;\nproperties.creator_name  = data.issue.fields.creator.displayName;\nproperties.timestamp     = data.timestamp;\n\ntrigger.properties = properties;\n\n// Check if an active event already exists for this assignee\nvar events = getEvents( \"issue_id#en\", trigger.properties.issue_id );\n\nif ( events.total > 0 ) {\n    if (!isAssigneeChanged( data ) ) {\n        // Active event( s ) exists for the assignee; do not create another event\n        console.log( events.total + \" active event(s) already exist for this issue. Skipping...\");\n        return; \n    } else if ( DELETE_EXISTING_EVENTS ) {\n        // Terminate existing notifications to other users related to this issue\n        terminateEvents( \"issue_id#en\", trigger.properties.issue_id );\n    }\n} else {\n    // No active events are associated with this issue\n    // You can add here a check to create new events only if centain conditions are met \n}\n\n// Set an event recipient\nvar xmUser;\n\nif ( data.issue.fields.assignee !== null ) {\n    trigger.properties.assignee      = data.issue.fields.assignee.name;\n    trigger.properties.assignee_name = data.issue.fields.assignee.displayName;\n    // Check if user exists in xMatters \n    xmUser = getPersonByCustomField( constants[ 'JIRA Username Field Name' ], trigger.properties.assignee );\n    if( !xmUser ) \n      console.log( 'Warning: \"' + data.issue.fields.assignee.name + '\" is not mapped to an xMatters user. Targeting form default.' );\n}\n\nconsole.log(\"Assignee: \" + trigger.properties.assignee );\n\nif ( trigger.properties.assignee && xmUser ) {\n    // Issue is assigned to a user and it exists in xMatters\n    trigger.recipients = [ { \"targetName\": xmUser.targetName } ];\n} else { \n    // User does not exist in xMatters or the issue is unassigned and will use the form default\n}\nconsole.log(\"Recipient: \" + JSON.stringify( trigger.recipients ) );\n\nconsole.log(\"Injecting event to xMatters: \" + JSON.stringify( trigger ) );\nvar response = form.post( trigger ); \n\nvar message;\nif ( response.statusCode == \"200\") {\n    message = 'xMatters (' + JSON.parse( response.body ).id + '): Event created.';\n} else {\n    message = \"xMatters Event injection failed. Status *\" + response.statusCode + \"*: \\n\\n\" + JSON.parse( response.body ).message;\n}\n\n// Add an xM activity to JIRA issue\nvar activities = getActivities( 'issue', trigger.properties.issue_key );\naddActivity( 'issue', trigger.properties.issue_key, ( new Date() ).getTime(), message, activities );\n\n// The End\n\n\n\nfunction xtrim( s ) {\n    return s === null ? null : String( s ).substring( 0, 2000 );\n}\n\nfunction isAssigneeChanged( issue ) {\n    if ( issue.webhookEvent == 'jira:issue_updated') {\n        if ( issue.changelog !== undefined ) {\n            for ( var i = 0; i < issue.changelog.items.length; i++) {\n                if ('assignee' == issue.changelog.items[i].field )\n                    return true;\n            }\n        }\n    }\n    return false;\n}\n\n\n\n\n\nfunction getEvents( key, value ) {\n\n    var searchCriteria = encodeURIComponent('properties=' + key + '=' + value );\n\n    \n    // Prepare the HTTP request to locate existing active events\n    var events = http.request({\n        'endpoint': 'xMatters',\n        'method': 'GET',\n        'path': '/reapi/2015-01-01/events?status=ACTIVE&' + searchCriteria\n    });\n    \n    // Submit the request and capture the response\n    var response = events.write();\n    // console.log(\"Response from xMatters: \\n\" + JSON.stringify(response));\n    \n    // Obtain list of matching event ID's\n    \n    return JSON.parse( response.body ).records;\n}\n\n\nfunction terminateEvents( key, value ) {\n\n    var events = getEvents( key, value );\n    \n    \n    // Suspend all matching events\n    for (var i in events) {\n    \n        // Prepare the HTTP request to suspend each event\n        var putEvent = http.request({\n            'endpoint': 'xMatters',\n            'method': 'PUT',\n            'path': events[i].href,\n            'headers': {\n                'Content-Type': 'application/json'\n            }\n        });\n    \n        // Suspend event\n        putEvent.write('{ \"status\":\"terminated\" }');\n    }\n    \n}\n\n\n\n\nfunction getPersonByCustomField( customField, customFieldValue ) {\n    // Jira Custom Field\n  console.log(\"XM REST API: getPerson for \" + customFieldValue );\n  var search = \"propertyName=\" + encodeURIComponent( customField ) + \"&propertyValue=\" + encodeURIComponent( customFieldValue );\n  var url = \"/api/xm/1/people?\" + search;\n\n  var request = http.request({\n    \"endpoint\": \"xMatters\",\n    \"method\": \"GET\",\n    \"path\": url\n  });\n\n  var response = request.write();\n\n  console.log(\"XM REST API: getPerson (based on custom field) received \" + response.statusCode + \" \" + response.body);    \n  \n  // Try the targetName\n  if (response.statusCode == \"404\") {\n      \n    console.log( \"XM REST API: Attempting query by targetName\" );\n    url = \"/api/xm/1/people/\" + encodeURIComponent( customFieldValue );\n\n    request = http.request({\n        \"endpoint\": \"xMatters\",\n        \"method\": \"GET\",\n        \"path\": url\n    });\n\n    response = request.write();\n    console.log(\"XM REST API: getPerson (based on targetName) received \" + response.statusCode + \" \" + response.body);    \n  }\n\n\n  var data = JSON.parse( response.body );\n  if( data.count > 0 )\n     return data.data[0];\n\n\n  return null;\n     \n\n}\n\n\n\n\nfunction addActivity( type, key, date, message, activities ) {\n    \n    var newActivity = {\n        \"date\": date,\n        \"note\": message\n    };\n    \n    activities.push( newActivity );\n    \n    var request = http.request({\n        'endpoint': 'JIRA',\n        'method': 'PUT',\n        'path': '/rest/api/latest/' + type + '/' + encodeURIComponent( key ) + '/properties/xmatters-activities',\n        'headers': {\n            'Content-type': 'application/json'\n        }\n    });\n    \n    var payload = {\n        'data': activities\n    };\n    \n    request.write( payload );\n    \n}\n\n\n\nfunction getActivities( type, key ) {\n    \n    var request = http.request({\n        'endpoint': 'JIRA',\n        'method': 'GET',\n        'path': '/rest/api/latest/' + type + '/' + encodeURIComponent( key ) + '/properties/xmatters-activities',\n    });\n    \n    var response = request.write();\n    \n    if( response.statusCode != 200 ) {\n        return [];\n    }\n    \n    var activities = JSON.parse( response.body ).value.data;\n    return activities;\n    \n}\n\n\n",
      "environment": "HOSTED"
    },
    {
      "id": "b62d400a-a649-4689-8410-95ad79416134",
      "name": "Notify Assignee - Response",
      "action": "RUN_SCRIPT",
      "type": "OUTBOUND_WEBHOOK",
      "triggeredBy": "RESPONSE",
      "deployed": true,
      "form": "1116f78b-792c-4e4f-8c0c-3612fb936b07",
      "script": "var callback = JSON.parse(request.body);\n\n\n// Convert list of event properties to an eventProperties object\nif (callback.eventProperties && Array.isArray(callback.eventProperties)) {\n    var eventProperties = callback.eventProperties;\n    callback.eventProperties = {};\n\n    for (var i = 0; i < eventProperties.length; i++) {\n        var eventProperty = eventProperties[i];\n        var key = Object.keys(eventProperty)[0];\n        callback.eventProperties[key] = eventProperty[key];\n    }\n}\n\n// Handle responses without annotations\nif (callback.annotation == \"null\") {\n    callback.annotation = null;\n}\n\nconsole.log( \"Received callback: \" + JSON.stringify( callback, null, 2 ) );\n\n\n\nif( callback.response.toLowerCase() == 'accept' ) {\n\n  var issue = callback.eventProperties.issue_key;\n\n  var assigneeName = getJIRAUserName( callback.recipient ) || callback.recipient;\n  \n  assignTicket( 'issue', issue, assigneeName );\n\n  var msg = 'xMatters (' + callback.eventIdentifier + ') ' + \n       \"[~\" + assigneeName + \"] responded with *\" + callback.response \n        + \"* on device \" + callback.device;\n\n  var activities = getActivities( 'issue', issue );\n\n  addActivity( 'issue', issue, (new Date()).getTime(), msg, activities );\n\n\n}\n\n\nfunction getJIRAUserName( recipientName ) {\n\n    console.log( \"XM REST API: Attempting query by targetName: \" + recipientName );\n    url = \"/api/xm/1/people/\" + encodeURIComponent( recipientName );\n\n    request = http.request({\n        \"endpoint\": \"xMatters\",\n        \"method\": \"GET\",\n        \"path\": url\n    });\n\n    response = request.write();\n    console.log( \"XM REST API: getPerson (based on targetName) received \" + response.statusCode + \" \" + response.body );    \n  \n    var data = JSON.parse( response.body );\n    if( response.statusCode == 404 )\n        return null;\n    \n    if( data.properties && data.properties[ constants['JIRA Username Field Name'] ] )\n      return data.properties[ constants['JIRA Username Field Name'] ];\n    \n    return data.targetName;\n}\n\n\n\n\n\nfunction assignTicket( type, key, user ) {\n\n      console.log(\"JIRA: assign \" + type + \" \" + key + \" to \" + user);\n\n\n      var request = http.request({\n        'endpoint': 'JIRA',\n        'method': 'PUT',\n        'path':   \"/rest/api/latest/\" + type + \"/\" + encodeURIComponent( key ),\n        'headers': {\n          'Content-type': 'application/json'\n        }\n      });\n\n      var payload = { \n        \"fields\": { \n          \"assignee\": { \"name\": user }\n        }\n      };\n\n\n      var response = request.write( payload );\n      return response;\n}\n\n\n\nfunction addActivity( type, key, date, message, activities ) {\n    \n    var newActivity = {\n        \"date\": date,\n        \"note\": message\n    };\n    \n    activities.push( newActivity );\n    \n    var request = http.request({\n        'endpoint': 'JIRA',\n        'method': 'PUT',\n        'path': '/rest/api/latest/' + type + '/' + encodeURIComponent( key ) + '/properties/xmatters-activities',\n        'headers': {\n            'Content-type': 'application/json'\n        }\n    });\n    \n    var payload = {\n        'data': activities\n    };\n    \n    request.write( payload );\n    \n}\n\n\n\nfunction getActivities( type, key ) {\n    \n    var request = http.request({\n        'endpoint': 'JIRA',\n        'method': 'GET',\n        'path': '/rest/api/latest/' + type + '/' + encodeURIComponent( key ) + '/properties/xmatters-activities',\n    });\n    \n    var response = request.write();\n    \n    if( response.statusCode != 200 ) {\n        return [];\n    }\n    \n    var activities = JSON.parse( response.body ).value.data;\n    return activities;\n    \n}\n\n\n",
      "environment": "HOSTED"
    },
    {
      "id": "816f9aca-11f7-40af-87b5-e452bdef9afc",
      "name": "Terminate Events",
      "action": "RUN_SCRIPT",
      "type": "INBOUND_WEBHOOK",
      "deployed": true,
      "script": "\nvar data = JSON.parse( request.body );\n\nterminateEvents( \"issue_id\", data.issue.id );\n\n\nfunction getEvents( key, value ) {\n\n    var searchCriteria = 'properties=' + encodeURIComponent(key + '=' + value );\n\n    \n    // Prepare the HTTP request to locate existing active events\n    var events = http.request({\n        'endpoint': 'xMatters',\n        'method': 'GET',\n        'path': '/reapi/2015-01-01/events?status=ACTIVE&' + searchCriteria\n    });\n    \n    // Submit the request and capture the response\n    var response = events.write();\n    // console.log(\"Response from xMatters: \\n\" + JSON.stringify(response));\n    \n    // Obtain list of matching event ID's\n    \n    return JSON.parse( response.body ).records;\n}\n\n\nfunction terminateEvents( key, value ) {\n\n    var events = getEvents( key, value );\n    \n    \n    // Suspend all matching events\n    for (var i in events) {\n    \n        // Prepare the HTTP request to suspend each event\n        var putEvent = http.request({\n            'endpoint': 'xMatters',\n            'method': 'PUT',\n            'path': events[i].href,\n            'headers': {\n                'Content-Type': 'application/json'\n            }\n        });\n    \n        // Suspend event\n        putEvent.write('{ \"status\":\"terminated\" }');\n    }\n    \n}\n",
      "environment": "HOSTED"
    }
  ],
  "endpoints": [
    {
      "name": "HipChat",
      "baseUrl": "https://acme.hipchat.com",
      "type": "EXTERNAL",
      "authentication": "NO_AUTH"
    },
    {
      "name": "JIRA",
      "baseUrl": "http://myjirahost:8080/",
      "type": "EXTERNAL",
      "authentication": "NO_AUTH"
    }
  ],
  "constants": [
    {
      "name": "HipChat Token",
      "value": "TOKEN_GOES_HERE"
    },
    {
      "name": "HipChat URL",
      "value": "https://acme.hipchat.com",
      "description": "Used for links in email"
    },
    {
      "name": "JIRA URL",
      "value": "http://myjirahost:8080/",
      "description": "The base URL for JIRA"
    },
    {
      "name": "JIRA Username Field Name",
      "value": "JIRA Username",
      "description": "The xMatters custom field name for the JIRA Username."
    }
  ]
}